{
    "extrinsic": [
        1,
        0,
        0,
        0,
        0,
        1,
        0,
        0,
        0,
        0,
        1,
        0,
        0,
        0,
        0,
        1
    ],
    "intrinsic": [
        97.60205455183375,
        -0.0,
        68.53087111716322,
        -0.0,
        97.57348828614622,
        56.34914395487424,
        -0.0,
        -0.0,
        0.1
    ]
}